episode,goal_angle,cumulative_reward,success,episode_length,final_absolute_error,epsilon,loss_mean,terminated,truncated,wall_clock_seconds
1,-0.5670638717221037,-51.616181208845234,0,150,0.3310466536114537,1.0,,0,1,0.31852692299798946
2,-0.4439785767418311,-25.27428340911864,1,83,0.029727721575911248,0.985,,1,0,0.48806488599802833
3,0.3143637356043312,-30.54423807095735,1,120,0.014142575031461657,0.970225,,1,0,0.7131387629997334
4,0.1487023394431196,-28.350445625931027,0,150,0.18885045761360403,0.955671625,0.08390837348997593,0,1,1.1086214700007986
5,-0.43734299868543225,-18.320262575568634,0,150,0.021375739547111694,0.941336550625,0.07462998489538829,0,1,1.6662296149988833
6,-0.35933952624810694,-56.304999897954985,0,150,1.001057296889619,0.927216502365625,0.05177172584924847,0,1,2.1747314690001076
7,-0.6752556038969942,-3.2813356144819537,1,127,0.018517331251100888,0.9133082548301407,0.03822669784692446,1,0,2.622182144001272
8,-0.0025225670898392227,15.901657697558402,1,55,0.01602271832466529,0.8996086310076885,0.03917579796503891,1,0,2.829272437000327
9,0.2209207620258753,-37.13164008189633,0,150,0.5641053042777998,0.8861145015425732,0.06172142902389169,0,1,3.356579081999371
10,0.30019662480847953,-116.60361212491989,0,150,1.0544041210028534,0.8728227840194346,0.04952198020492991,0,1,3.9397996830011834
11,-0.5721356003397541,10.460296719725008,1,56,0.0399346750662426,0.8597304422591431,0.044514021021313965,1,0,4.155923008998798
12,-0.24911341327952408,14.967390762639116,1,67,0.0001111956545315207,0.8468344856252559,0.04263108850581877,1,0,4.368382259999635
13,-0.5923313369919598,-19.15989324534313,0,150,0.47888349188158663,0.834131968340877,0.06250411645819744,0,1,5.165522554998461
14,-0.0910043705343,3.4690240815281834,1,119,0.01796596940426247,0.8216199888157638,0.039173935430453104,1,0,5.707070410000597
15,-0.5211148741827851,-8.148853764944953,0,150,0.08260472698252874,0.8092956889835273,0.054435095662871996,0,1,6.374309769998945
16,-0.3109303372948684,-51.292714420892295,0,150,0.3538714780855793,0.7971562536487744,0.05231089407888551,0,1,7.251278251998883
17,0.3929539928533785,9.84433960863389,0,150,0.045223446742253814,0.7851989098440427,0.05505725193147858,0,1,7.957232298998861
18,-0.4403305186691821,-50.93762096280696,1,127,0.002511739163213622,0.773420926196382,0.04181116993179706,1,0,8.558505893000984
19,0.5695238975449919,12.638481003604827,1,74,0.020707199769888773,0.7618196123034363,0.0554448725857042,1,0,10.04208453499814
20,-0.7963080067314675,-28.62826210391938,0,150,0.16125700520378006,0.7503923181188847,0.045980022456496954,0,1,12.308919483999489
21,0.5097845826490548,0.3837065475992816,1,91,0.012029373185924397,0.7391364333471014,0.04856369264710408,1,0,13.314437540000654
22,0.4831343256743761,13.311026658199262,1,51,0.002287557707100152,0.7280493868468949,0.039165515178704965,1,0,14.276060288000735
23,0.6902857964855127,7.794749414036047,1,70,0.01269736582923664,0.7171286460441915,0.048195661404835326,1,0,15.153192527999636
24,0.025334351051786497,31.340127847000247,1,78,0.001967760957951946,0.7063717163535286,0.04604765537600869,1,0,15.755292867001117
25,-0.2450664976924909,12.694731814798434,1,43,0.005284809810545632,0.6957761406082257,0.05562887786952562,1,0,16.021679180998035
26,0.14513155663250255,17.074127709306776,1,13,0.004068519774771323,0.6853394984991023,0.06787484583373253,1,0,16.117498072999297
27,-0.13954441773992898,20.638973860349505,1,32,0.017688518605536885,0.6750594060216157,0.051604351319838315,1,0,16.37431229499998
28,-0.10585193886517108,17.434751858888195,1,12,0.005847005106926706,0.6649335149312915,0.07446196069940925,1,0,16.473674393000692
29,0.6844229261550632,4.9443079329095765,1,52,0.02556779268015741,0.6549595122073221,0.04556847598332052,1,0,16.948465506000503
30,-0.3986282609417726,32.59020523761863,1,118,0.01260719401810001,0.6451351195242122,0.05469878373857019,1,0,17.654970105999382
31,0.6098199051253312,12.596148674190044,1,22,0.008010003662950793,0.635458092731349,0.05716633017767559,1,0,17.796543182001187
32,-0.248915815263149,13.360433899704367,1,71,0.016097567917674138,0.6259262213403788,0.0576692001212021,1,0,18.18583452999883
33,0.7859162125789654,5.380429345788433,1,36,0.0016320116826614717,0.6165373280202731,0.04782275247594549,1,0,18.371699678998993
34,-0.5425996537128712,12.74072247543372,1,22,0.02837043513798032,0.607289268099969,0.061773547479374843,1,0,18.484253627000726
35,-0.29579634012126665,14.739778348803519,1,26,0.026331013288224625,0.5981799290784694,0.04971749056130648,1,0,18.6257048869993
36,-0.48638307039065903,16.35891887426842,1,50,0.007178843389415546,0.5892072301422924,0.06310044929385185,1,0,18.898383833999105
37,0.27196325560462586,15.207531378418206,1,20,0.02468288568893262,0.580369121690158,0.06611520359292626,1,0,19.03092995100087
38,0.6063247200401634,3.6041732361540157,1,40,0.014035882705955127,0.5716635848648056,0.06136085286270827,1,0,19.333391501000733
39,0.1054995612758054,16.870684425719084,1,16,0.00016876007099576873,0.5630886310918335,0.06164629274280742,1,0,19.496303396997973
40,-0.19335837596688488,16.580716585315532,1,16,0.0073289540484963445,0.554642301625456,0.055058240192011,1,0,19.650920086998667
41,0.7528665793445402,8.599882015853655,1,28,0.002202648127152984,0.5463226671010741,0.07181467568235737,1,0,19.904838911999832
42,0.2941790984755761,14.968010991625487,1,31,0.01418163159908814,0.538127827094558,0.061491381617323045,1,0,20.224710346999927
43,0.3431661379906532,14.23896304888185,1,22,0.0014945660854662757,0.5300559096881396,0.05309258121997118,1,0,20.41972649300078
44,-0.6060536436369619,18.525311289029197,1,32,0.033465266766564694,0.5221050710428176,0.06353069937904365,1,0,20.683694292998553
45,0.5020908904982662,13.337108016852289,1,21,0.027880083261410005,0.5142734949771753,0.0514287996504988,1,0,20.88570525799878
46,-0.06891341952258812,23.945360088953745,1,20,0.019790636870033476,0.5065593925525177,0.07946102833375335,1,0,21.183263951999834
47,0.05212907066645778,17.503552910871804,1,10,0.027398814960643253,0.4989610016642299,0.08549254536628723,1,0,21.277634351001325
48,0.6495290165728298,7.593429124448448,1,30,0.012652765453461723,0.49147658663926647,0.04781485293060541,1,0,21.518412707999232
49,0.16577335165253881,15.540314274653792,1,28,0.0029927642116682196,0.48410443783967744,0.06085490102746657,1,0,21.769753361000767
50,0.7642351097278159,1.8730447739711913,1,51,0.008657211403738874,0.47684287127208225,0.06393671649343827,1,0,22.19956347400148
51,0.3379575564843966,15.918183925002813,1,17,0.010856311887776748,0.469690228203001,0.0466660629848347,1,0,22.336968841998896
52,-0.22107304984804121,16.572393350099446,1,16,0.0032087269311950883,0.462644874779956,0.0622148122638464,1,0,22.469450284999766
53,0.24453407103151825,13.517646917700766,1,24,0.01971325289961623,0.4557052016582566,0.05507194014110913,1,0,22.642945654999494
54,-0.7466428048441289,13.177726026368326,1,34,0.011135390892788921,0.4488696236333828,0.05273737763876424,1,0,22.860830802001146
55,0.0058969335801940526,17.581908144714543,1,8,0.00041141076891516425,0.44213657927888206,0.060968083096668124,1,0,22.920925618000183
56,-0.7274915788685086,11.544793795887381,1,23,0.0026230565621252477,0.43550453058969885,0.06690760086412015,1,0,23.071810623998317
57,0.3784105914597091,14.27434223281016,1,25,0.03410888346987795,0.42897196263085335,0.06343096382915973,1,0,23.231938048000302
58,0.7158617861604102,12.322070645983331,1,33,0.001766604577344344,0.42253738319139056,0.05720343288372864,1,0,23.44624172999829
59,-0.7651082338892462,9.226331496657803,1,25,0.020527698697417884,0.4161993224435197,0.05688465520739555,1,0,23.60191590500108
60,-0.45953602923557835,10.242349905637093,1,28,0.009192186813498482,0.4099563326068669,0.05727339815348387,1,0,23.79408013899956
61,-0.5572528245753583,12.847034138545858,1,23,0.0006818474050341861,0.4038069876177639,0.05273776250364988,1,0,23.958749600999
62,0.38104754654262907,19.231822205288335,1,25,0.0040259033673537,0.39774988280349743,0.05922313384711742,1,0,24.10941755100066
63,-0.002161206712876451,17.707073669040255,1,8,0.006072563360549402,0.391783634561445,0.07100020791403949,1,0,24.164131147997978
64,-0.4746594600449594,9.9386240197171,1,30,0.009105459486376366,0.3859068800430233,0.05542442866911491,1,0,24.334151111997926
65,0.22915166968498912,16.493919800408186,1,15,0.004210041705096618,0.380118276842378,0.0474907582004865,1,0,24.42934088599941
66,0.006805930598571264,17.766419836634306,1,8,0.013176527560878004,0.3744165026897423,0.04372839070856571,1,0,24.48315666000053
67,0.05122980765059315,17.49296393772529,1,10,0.008793975423472516,0.3688002551493962,0.05765488445758819,1,0,24.545581280999613
68,0.2976709036620129,14.318581189715768,1,22,0.003279681854372385,0.36326825132215523,0.05779275298118591,1,0,24.679698912001186
69,-0.7688231134264853,6.710373494867234,1,31,0.008748757710431376,0.3578192275523229,0.06971674208198825,1,0,24.867661340998893
70,-0.2537775386595955,16.71362518854439,1,25,0.03344173506164716,0.35245193913903805,0.05308101989328861,1,0,25.009144173000095
71,-0.6591965317884253,11.336675793724135,1,23,0.005723615527783443,0.34716516005195247,0.046500462390806366,1,0,25.13201620399923
72,-0.22992177117269452,16.28970121787861,1,18,0.009204107677747764,0.34195768265117316,0.04647804889827967,1,0,25.228118790000735
73,-0.028698057805840227,17.69421863667667,1,8,0.005672506710469316,0.33682831741140556,0.04645589226856828,1,0,25.27461107599811
74,-0.540222680156015,13.997475468367337,1,20,0.011086558578501715,0.3317758926502345,0.052773816790431735,1,0,25.37214642699837
75,-0.7367664137892613,16.56284696292132,1,33,0.008908797301081961,0.32679925426048095,0.054514394903724846,1,0,25.53250812099941
76,0.6598279752978315,12.527086853780201,1,22,0.00023475908306447302,0.3218972654465737,0.051523056643253025,1,0,25.643550388998847
77,0.7093044229902652,11.953557697881479,1,22,0.0019277907370219838,0.3170688064648751,0.04983928283168511,1,0,25.762022208000417
78,-0.23707121093507644,16.78036541598849,1,15,0.00464428483053389,0.312312774367902,0.045899529258410135,1,0,25.84953766200124
79,0.7068551633266504,11.141723728738725,1,25,0.0035121468377783405,0.30762808275238346,0.05295235387980938,1,0,25.99632133799969
80,-0.031392058814335044,17.78499481631443,1,8,0.0028427258327111612,0.3030136615110977,0.07176114642061293,1,0,26.04443454899956
81,-0.45687629337610947,14.231733016733779,1,20,0.008760671304033962,0.29846845658843124,0.06806875113397837,1,0,26.151761533001263
82,0.785344582176785,6.565781333763151,1,28,0.010469078101835172,0.2939914297396048,0.05304010811128786,1,0,26.28143212500072
83,-0.3718738239935053,15.645064126793294,1,18,0.005935003762711444,0.28958155829351073,0.0484759257071548,1,0,26.388749280999036
84,-0.7353620973805841,11.671318868442905,1,21,0.0009075862209343422,0.2852378349191081,0.042965658186447056,1,0,26.525141565998638
85,0.5622153303565547,13.552548075653613,1,22,0.0071146337724143915,0.28095926739532145,0.03702516345815225,1,0,26.65172604200052
86,-0.13831088840018269,17.349722275999376,1,12,0.01802278742676877,0.2767448783843916,0.0532248072947065,1,0,26.727812457000255
87,0.5824601377902077,12.28235824976582,1,23,0.0258057467131505,0.27259370520862575,0.04914376180133094,1,0,26.86123280299944
88,-0.7177552668595419,10.626910914480687,1,27,0.0003702344913568689,0.26850479963049634,0.048605803262304376,1,0,27.02707478999946
89,-0.3412289106199133,15.465710837952793,1,18,0.01573931340427992,0.26447722763603887,0.04673680870069398,1,0,27.13509112199972
90,0.708114962346738,9.763022584404098,1,27,0.004268016920460527,0.2605100692214983,0.04239521658530942,1,0,27.30523594999977
91,-0.789552619116218,9.98662862908095,1,25,0.017501264054963772,0.2566024181831758,0.04527406729757786,1,0,27.461967236999044
92,-0.2653694972695746,16.343405983736737,1,15,0.030728308700682216,0.2527533819104282,0.07815057014425596,1,0,27.555685733001155
93,0.2164555787604081,16.851130734896287,1,13,0.03863221788775906,0.24896208118177174,0.06677732874567692,1,0,27.627584126999864
94,-0.784836122542418,9.450206611322937,1,30,0.002603335694746134,0.24522764996404517,0.049547551510234676,1,0,27.78036789500038
95,-0.4819575001370005,9.376643561408855,1,31,0.0026240428947239547,0.2415492352145845,0.04422653466463089,1,0,27.92431490099989
96,0.1264037204196633,17.13172110193409,1,13,0.002975973003155899,0.23792599668636571,0.03993035723956732,1,0,28.003342798998347
97,-0.3956648722288355,15.479154374357313,1,18,0.0061378955245310896,0.23435710673607021,0.03745092534356647,1,0,28.096275620999222
98,-0.3988752751894101,14.48776822881773,1,20,0.007381135493072122,0.23084175013502917,0.03990597575902939,1,0,28.203443370999594
99,0.5862795348561336,14.920624141860753,1,29,0.005499771159096278,0.22737912388300371,0.042075396290627017,1,0,28.361728437001148
100,0.36666758154688006,14.945055238623173,1,20,0.0012252312499146378,0.22396843702475866,0.036241671070456505,1,0,28.466740118998132
101,-0.5577616683718589,12.487285812734626,1,21,0.009754900036495151,0.22060891046938727,0.040578528795213925,1,0,28.58624913300082
102,0.7312857839739095,6.05405441392213,1,31,0.0003605109628446179,0.21729977681234647,0.04060235883920423,1,0,28.742842171999655
103,0.32201634671155754,16.19543005618616,1,16,0.0003034651087507889,0.21404028016016127,0.049553813063539565,1,0,28.84349324499999
104,0.5440274058901522,11.905270507826936,1,25,0.0008279808513041997,0.21082967595775884,0.058787458315491675,1,0,29.005930179999268
105,-0.4612953331009937,14.404156485013663,1,21,0.01599130151425021,0.20766723081839245,0.05010371939057395,1,0,29.1302912559986
106,-0.4931498094047253,14.547706271870993,1,19,0.012124145971614875,0.20455222235611656,0.038817487264934336,1,0,29.23506684899985
107,0.01638575236332751,22.123743090312928,1,16,0.018400632253717228,0.2014839390207748,0.04551351873669773,1,0,29.34328199599986
108,0.4704629512411216,14.608389779690516,1,20,1.1555863773493602e-05,0.19846167993546318,0.04232410779222846,1,0,29.466181280000455
109,0.25605791326469873,14.660556639172135,1,22,0.011400035659597074,0.19548475473643123,0.038971647366204044,1,0,29.60256207400016
110,-0.4879235123150332,14.522608359402511,1,19,0.006073718374800252,0.19255248341538475,0.03715374644257521,1,0,29.728347625001334
111,-0.6415583041032855,12.94667807141086,1,21,0.009175302616125647,0.18966419616415398,0.03877709699528558,1,0,29.856601176001277
112,-0.4885233763250799,13.461217935802415,1,20,0.01736611033691282,0.18681923322169167,0.03464611675590277,1,0,29.997668470001372
113,-0.4657282227786643,14.668427386414258,1,19,0.00542832649255226,0.1840169447233663,0.037338777298205776,1,0,30.149777441998594
114,0.5892540485072144,13.249057998228817,1,21,0.0030799297997254893,0.1812566905525158,0.03795325782682214,1,0,30.303108738000446
115,-0.7784314223866593,10.038914498023225,1,25,0.006078242786593413,0.17853784019422808,0.04804306700825691,1,0,30.48160209100024
116,0.17202774907953555,16.603501899261026,1,15,0.006445853344892116,0.17585977259131466,0.07272050256530443,1,0,30.576346074998582
117,-0.20016862387962786,16.736117029376327,1,14,0.0033776324381429024,0.17322187600244493,0.04837250110826322,1,0,30.68416145199808
118,-0.17150285740777826,17.032735796936322,1,13,0.0002746427642079663,0.17062354786240824,0.04409145076687519,1,0,30.780117780999717
119,0.3802617079902577,15.41300687608309,1,18,0.004800808648140975,0.16806419464447211,0.04829380971690019,1,0,30.891569933999563
120,0.31568772260978806,16.02105552824214,1,17,0.00398223680748877,0.16554323172480503,0.043651901842916715,1,0,31.00062439699832
121,-0.5665863683567345,11.41268929305952,1,24,0.0014554624983098563,0.16306008324893295,0.0442141288270553,1,0,31.14286380300109
122,0.16089934250682203,17.30439346572384,1,12,0.007038300658017305,0.16061418200019895,0.04043200332671404,1,0,31.23638487700009
123,-0.5020310378742258,14.393820184026843,1,18,0.006140203750049478,0.15820496927019595,0.03920954776306947,1,0,31.357392056001117
124,0.06798242861764048,17.793879231348182,1,10,0.002521131107448671,0.155831894731143,0.03390503823757172,1,0,31.433834229999775
125,-0.05336856480580843,17.700278419750976,1,9,0.002732976745449381,0.15349441631017585,0.03926917889879809,1,0,31.504200585000945
126,-0.6684356665262268,12.003578451927751,1,22,0.0030286648559334495,0.15119200006552322,0.03696076080880382,1,0,31.65096758599975
127,0.42134288484418825,14.700513229344505,1,20,0.0008400160185809136,0.14892412006454037,0.0398370174691081,1,0,31.79183932899832
128,-0.763359156477009,13.135979990121267,1,27,0.004003674121650258,0.14669025826357227,0.03842940733388618,1,0,31.964982953999424
129,0.5928494955827062,12.193240135721863,1,23,0.004886504267933467,0.14448990438961867,0.042313635835181114,1,0,32.09720528099933
130,0.4216884689109821,15.22697179307579,1,18,0.0003436275499023034,0.1423225558237744,0.06705836072150204,1,0,32.20232343200041
131,-0.21767905031657997,16.78917387924157,1,14,0.008519844392412879,0.14018771748641778,0.06317639643592494,1,0,32.27981279099913
132,-0.7153463870172296,13.832306058332325,1,27,0.004283757965236279,0.13808490172412152,0.05739569070714491,1,0,32.4110988700013
133,-0.04331106976125765,17.668324780039256,1,8,0.00504861401543643,0.1360136281982597,0.05465155187994242,1,0,32.45684283599985
134,-0.6601569562891569,12.486855737376027,1,22,0.0003024566627878311,0.13397342377528582,0.0489704656330022,1,0,32.56169582000075
135,-0.24216948588261555,16.805882891034706,1,15,0.0029744014327629797,0.13196382241865653,0.050497110933065414,1,0,32.637747054999636
136,-0.43018838063026466,15.183111928057041,1,17,6.948014127322599e-05,0.12998436508237668,0.04787981915561592,1,0,32.7216310119984
137,-0.32957403318887873,16.05128962791059,1,16,0.007061254968854347,0.12803459960614103,0.045884703285992146,1,0,32.81343261299844
138,-0.2162720181133757,16.061419486091474,1,18,0.005490874352449104,0.1261140806120489,0.0511621396160788,1,0,32.90489451200119
139,-0.6237723751975536,11.334617334976793,1,25,0.0036392541613131657,0.12422236940286817,0.048302360102534296,1,0,33.025516876998154
140,-0.3374144114657089,15.28669148312183,1,18,0.0069704855148391975,0.12235903386182514,0.05013706638581223,1,0,33.12514563299919
141,-0.7036215371618445,10.667240609787404,1,25,0.01837164541313241,0.12052364835389777,0.04626999415457249,1,0,33.261006067998096
142,-0.5527281322102013,13.803548618830973,1,20,0.0006521378288533164,0.1187157936285893,0.05003897063434124,1,0,33.38818382599857
143,0.6424081638858459,11.469186487619298,1,25,0.0005124052476724872,0.11693505672416046,0.06870295412838459,1,0,33.52919158399891
144,-0.33845695399621384,15.223688227310777,1,19,0.004564337401132212,0.11518103087329805,0.06085108847994553,1,0,33.64099392400021
145,0.7519173897796521,11.276309620798566,1,23,0.010114638786106855,0.11345331541019858,0.06049938378450663,1,0,33.77340075599932
146,-0.5916237016263474,12.963753187104885,1,23,0.005258611848380834,0.11175151567904561,0.050501438829561936,1,0,33.898633295000764
147,-0.46617494680061555,14.927675289893523,1,19,0.00864162035070698,0.11007524294385992,0.05431443403818106,1,0,33.99538351999945
148,-0.33041919950815085,15.889749714144273,1,17,0.003620907488791514,0.10842411429970203,0.05407332552268224,1,0,34.09223817599923
149,0.33796284357609263,16.009486995299813,1,17,0.0018073502906286731,0.1067977525852065,0.05367193403927719,1,0,34.19243983399792
150,-0.24271661080426343,16.719371620565653,1,14,0.0021333989677259635,0.10519578629642841,0.0574112989540611,1,0,34.28203592099817
151,-0.7944866168034249,10.40613223516848,1,25,0.0005059681575037001,0.10361784950198198,0.06119628742337227,1,0,34.41543244499917
152,-0.631864346749299,11.47971163080074,1,23,0.0019023667485629225,0.10206358175945225,0.05406024582360102,1,0,34.53616902199792
153,-0.5743749897448233,13.580558094900335,1,19,0.005841664216786668,0.10053262803306047,0.044489935334575806,1,0,34.6483861859997
154,-0.7918155167765415,10.575655761919915,1,23,0.0023991922394159815,0.09902463861256457,0.053297510208643,1,0,34.763047045998974
155,0.4664840907779406,15.006886849936564,1,19,0.004212560697476331,0.09753926903337609,0.06974039893401296,1,0,34.86073432400008
156,-0.6230758851585873,15.932152334111741,1,24,0.0017788401744148752,0.09607617999787545,0.07570826339845856,1,0,34.97551127299812
157,-0.2664452843407935,16.48434928378556,1,15,0.013894970028587694,0.09463503729790732,0.06431744421521822,1,0,35.05715616499947
158,-0.35681692122307607,15.871336576296017,1,16,0.00710949091386559,0.0932155117384387,0.05263627297244966,1,0,35.144983441001386
159,-0.17474237212932553,16.6449623767694,1,16,0.007183349875913014,0.09181727906236212,0.05199993459973484,1,0,35.22976851199928
160,0.08208588459471033,17.555612941505387,1,10,0.004585186144890133,0.09044001987642668,0.07688259407877922,1,0,35.288458838000224
161,0.2514380745539486,16.52711751880124,1,15,0.004492661440009732,0.08908341957828028,0.05883670697609584,1,0,35.37172887300039
162,-0.44633888147134526,15.111678838543593,1,19,0.01279793804656737,0.08774716828460608,0.05914082917335786,1,0,35.473397850000765
163,-0.2326613721517895,16.53741455119016,1,16,0.004441519427390239,0.08643096076033699,0.05998341029044241,1,0,35.56312268799957
164,0.5980768375069383,13.226621989562409,1,20,0.0008625050639741172,0.08513449634893193,0.06414234098047018,1,0,35.66864429999987
165,0.3743429563823599,15.682378104957753,1,17,0.0037888870566373245,0.08385747890369795,0.06816085263648454,1,0,35.771337575999496
166,0.08705767072169812,17.492065830156207,1,10,0.006622596402134154,0.08259961672014247,0.07145496513694524,1,0,35.83553208900048
167,0.3845430517310864,14.790115949793835,1,19,0.00022149439843055507,0.08136062246934034,0.06023008239112402,1,0,35.943476142998406
168,0.39444178948404884,15.40840145915281,1,18,0.0015836676318317644,0.08014021313230023,0.0630742081751426,1,0,36.049827547998575
169,-0.6973830517758741,11.204292989708483,1,24,0.016890119024555617,0.07893810993531572,0.06300369168942173,1,0,36.18277014300111
170,0.6443087902605946,12.65692661285866,1,21,0.0011674950828843844,0.07775403828628598,0.08042766189291364,1,0,36.29371073799848
171,0.21466886214346714,16.755631113704293,1,14,0.00409472858318885,0.07658772771199168,0.07437492295035295,1,0,36.38915517499845
172,0.44256437031209783,14.862477377284085,1,18,0.004286078409160177,0.0754389117963118,0.06015117735498481,1,0,36.51350889300011
173,-0.7009209234383565,11.963036457821726,1,22,0.01744825554356355,0.07430732811936713,0.07279921399260109,1,0,36.63074665000022
174,-0.6070388874441277,12.855466319993138,1,21,0.013178775534612885,0.07319271819757663,0.07211857493079844,1,0,36.7545623900005
175,-0.39006198926416236,21.11952721411362,1,25,0.02453001563850099,0.07209482742461297,0.06166945829987526,1,0,36.89950890199907
176,0.5620845236223939,13.706685651326552,1,20,0.009068656046811063,0.07101340501324377,0.07149176569655538,1,0,37.01471572299852
177,0.6246959121117801,12.867845552135257,1,21,0.005210372814786091,0.06994820393804511,0.06959419715262595,1,0,37.120086225000705
178,0.6519093235882978,12.484290364198387,1,22,0.002060661949657261,0.06889898087897443,0.06237344824793664,1,0,37.2293803399989
179,0.4639709022724039,13.918791072571185,1,20,0.002763365104208604,0.06786549616578981,0.060737304110080007,1,0,37.33195620499828
180,-0.15886001825873863,20.03979908209294,1,16,0.009615600658770734,0.06684751372330296,0.07771068555302918,1,0,37.422470459998294
181,0.6362193727077838,12.722302210424095,1,21,0.004465911365116648,0.06584480101745341,0.07197174509721142,1,0,37.526150212001085
182,-0.3053656518516881,17.44418196629267,1,22,0.019040400844640648,0.06485712900219161,0.06777490844780748,1,0,37.63067336899985
183,-0.6391613620184642,12.92722806688398,1,20,0.008764325607427681,0.06388427206715873,0.0827659665606916,1,0,37.73338249899825
184,-0.28114292694484944,16.434567198855802,1,15,0.012243846765569888,0.06292600798615135,0.08161669299006462,1,0,37.80199352400086
185,-0.5556243105627264,13.74442317187786,1,19,0.0211274767867633,0.06198211786635908,0.06386313626640722,1,0,37.90367710500141
186,0.12976395069863444,17.368793468747754,1,11,0.0018234021303775716,0.06105238609836369,0.07021582566879013,1,0,37.965047285000765
187,0.6264020076564243,12.897540586162357,1,21,0.009164384098132805,0.060136600306888235,0.06485084532981827,1,0,38.066536422000354
188,-0.4860095228521546,14.662110387103166,1,18,0.009014129380858382,0.05923455130228491,0.07983087499936421,1,0,38.163929670998186
189,0.5396527543116298,14.136737409478519,1,19,0.008981253807845757,0.058346033032750634,0.08128919628889937,1,0,38.27755191599863
190,0.6900172593940963,11.317307398893172,1,24,0.0010656237301415183,0.05747084253725938,0.07773403349953394,1,0,38.41137338800036
191,0.6843096294713136,11.237166113010607,1,24,0.00038472040587600453,0.05660877989920048,0.07396799388031165,1,0,38.54002240299815
192,0.2935103091809306,16.39594938077498,1,15,0.003452171072652388,0.055759648200712476,0.06708231903612613,1,0,38.632382489999145
193,-0.5702425460101628,13.555603396281366,1,20,0.0065379127840120566,0.054923253477701786,0.0847609800286591,1,0,38.7456086509992
194,-0.5656205282440901,13.779812821949598,1,19,0.00532191097561141,0.054099404675536256,0.08002452189592939,1,0,38.85089401300138
195,-0.6189597699122971,13.093508739888057,1,19,5.712218026709959e-05,0.05328791360540321,0.0860517860243195,1,0,38.96162507600093
196,-0.49229568219141306,13.062554179271682,1,22,0.013085227057088589,0.05248859490132216,0.08240023534744978,1,0,39.08372282300115
197,0.28616671114461356,16.253142661158925,1,16,0.002449089852647468,0.05170126597780233,0.10789790097624063,1,0,39.173487085998204
198,-0.6843416430103334,12.234609194193036,1,22,0.004777916222908796,0.05092574698813529,0.07231747443703088,1,0,39.29785027599792
199,0.3895027697394411,15.553752874885685,1,17,0.000784312122921238,0.05016186078331326,0.08851403633461279,1,0,39.38755284999934
200,0.5292594506856572,14.186404226277954,1,19,0.005442840145892913,0.05,0.0733707919716835,1,0,39.48614707099841
201,-0.21380186296617298,16.67847410265822,1,14,0.015050457769021613,0.05,0.09438312372991017,1,0,39.56070370499947
202,0.7615582399527638,11.2538625552319,1,22,0.006290582281351154,0.05,0.08836591599339788,1,0,39.66730428200026
203,0.5285450566664449,13.17812705563847,1,21,0.007000429607347369,0.05,0.07951760620233558,1,0,39.77283947899923
204,-0.5072519964982207,14.423167923570144,1,18,0.0011739359278589712,0.05,0.09195190523233679,1,0,39.86491301999922
205,0.4787787532185708,14.568093509087339,1,18,0.0014749718325782757,0.05,0.08410767993579309,1,0,39.95420823799941
206,0.053392638378020885,17.498091101273893,1,9,0.007249535646646238,0.05,0.0789886253575484,1,0,40.004007896000985
207,-0.026806822319846324,17.75401321956888,1,8,0.0024154286459648205,0.05,0.0807455345056951,1,0,40.05852976100141
208,0.20725276210911692,16.90315022850991,1,13,0.00931789884832851,0.05,0.07973644051414269,1,0,40.12795348399959
209,-0.6291470505028203,12.748765670927241,1,20,0.013882521255143554,0.05,0.10169325098395347,1,0,40.27859389399964
210,0.48472278377867717,14.551602686964905,1,18,0.005246525744712238,0.05,0.07802108633849356,1,0,40.37189108799794
211,-0.6390884493933685,12.690005831234156,1,21,0.002134283712530549,0.05,0.09291538188145274,1,0,40.48114867700133
212,-0.15827812378218264,17.080168539122678,1,13,0.0023059053332095125,0.05,0.10144019212860328,1,0,40.5557117089993
213,-0.5631367732835705,13.733323502494022,1,19,0.01828770641027233,0.05,0.1002743777475859,1,0,40.65880267900138
214,-0.7510137781656353,11.387962418748065,1,22,0.005202642064462748,0.05,0.08280586603690278,1,0,40.76586326599863
215,0.4111931701882361,15.412789805582724,1,18,0.005147017622910255,0.05,0.08877242801504003,1,0,40.85815894899861
216,0.13525015649168637,17.245824736286885,1,12,0.006260126609965472,0.05,0.09897379592681925,1,0,40.9204617860014
217,-0.5753206811531977,13.690693164989352,1,19,0.007561643969253851,0.05,0.08812493772098892,1,0,41.01393296899914
218,0.28026410803456403,16.392088949959724,1,15,0.008106920209654034,0.05,0.06339148686577877,1,0,41.09710045199972
219,-0.2720038978956121,16.52093098121695,1,15,0.005632342682187208,0.05,0.08369618679086367,1,0,41.185750566000934
220,0.5112702338051418,14.349838622310198,1,19,0.008488804841702224,0.05,0.08495911651928174,1,0,41.27567393999925
221,0.702852576069803,12.231568516488187,1,22,0.007448986911649302,0.05,0.09243382911451838,1,0,41.388482987000316
222,-0.5390137246350117,14.098335596220569,1,20,0.0075212506423880665,0.05,0.1007006817497313,1,0,41.49223329199958
223,-0.4582473555240631,14.508933470444752,1,19,0.0016829746487713737,0.05,0.0680086847002569,1,0,41.60179046899793
224,0.018234270979915146,17.81650671791285,1,8,0.009134417437575763,0.05,0.08066118112765253,1,0,41.657604789998004
225,-0.3321396583848813,15.90923716672696,1,16,0.012999968804637774,0.05,0.10083062469493598,1,0,41.753795346001425
226,0.46291597913972815,14.064175989245996,1,21,0.00866637384318536,0.05,0.0891248191751185,1,0,41.87383543100077
227,-0.29435366253267714,16.523680946719832,1,15,0.013065587185844496,0.05,0.0832830944408973,1,0,41.9499773719981
228,0.7968740354921917,10.795984634524212,1,22,0.006146557396640939,0.05,0.08789489460601048,1,0,42.07073785499961
229,0.6060715436459814,13.328010289481607,1,20,0.00884574471658961,0.05,0.10597244668751955,1,0,42.189756664000015
230,-0.5662245431626824,13.713585694001813,1,19,0.015199936531160363,0.05,0.09236421406661209,1,0,42.28435234200151
231,0.08461482691376043,20.16546589033678,1,16,0.005626000360655248,0.05,0.07793163671158254,1,0,42.366954093999084
232,-0.13247559266341702,17.359170963126235,1,12,0.01120356117005708,0.05,0.10103394153217475,1,0,42.42641090300094
233,-0.765781568292945,11.180310701578856,1,22,0.007926906500478892,0.05,0.10981108180501244,1,0,42.52618260500094
234,-0.7290357577413131,11.725622670166194,1,21,0.01042496768942791,0.05,0.07552699939835639,1,0,42.627782291001495
235,0.6229490115017686,13.26021717750118,1,20,0.004440686492709567,0.05,0.07224844451993703,1,0,42.7263082870013
236,0.03030542679010506,17.707571493182332,1,8,0.006852602655591473,0.05,0.0816836073063314,1,0,42.77139561700096
237,0.31871612496917945,16.19266118563246,1,15,0.0017288200796252706,0.05,0.09725325852632523,1,0,42.84419916099796
238,-0.5146095981238543,17.675934818480165,1,29,0.008397909827162708,0.05,0.08934047831029727,1,0,42.984262163001404
239,-0.3991525002666336,14.839326781034469,1,19,0.015369255849260965,0.05,0.11372437308493413,1,0,43.07649835099801
240,-0.4219816036329645,15.23666894044727,1,17,0.012933693111282285,0.05,0.0970884465119418,1,0,43.160967560001154
241,-0.7943053166710018,10.730004842765629,1,23,0.0013478133826567706,0.05,0.0962882025734238,1,0,43.28482465399793
242,0.7809722502314351,10.299283216870391,1,23,0.007980504565688884,0.05,0.1053606421565232,1,0,43.40429653400133
243,0.4834523843549978,14.706931971898303,1,18,0.007608405985864819,0.05,0.0934335667019089,1,0,43.50132258499798
244,-0.08515210729656908,17.611466309137178,1,11,0.00374090219978844,0.05,0.09050740369341591,1,0,43.569170945000224
245,-0.7268586034369895,11.772599942765373,1,21,0.005958776726894488,0.05,0.09956776120123409,1,0,43.67945999699805
246,0.13555134590283624,17.196482313703747,1,12,0.0028582289570180386,0.05,0.10261410009115934,1,0,43.74855773699892
247,-0.13867567758017818,17.39220779426396,1,12,0.005898688188519963,0.05,0.11208384856581688,1,0,43.820595231998595
248,-0.5024140409141895,14.308978351554833,1,18,0.034039990030678036,0.05,0.1200741177631749,1,0,43.91159630100083
249,0.02705779210514403,17.651023064553737,1,8,0.0026138592284818372,0.05,0.1627986477687955,1,0,43.95697944899803
250,0.375174263866038,15.659925008384743,1,17,0.0010923560593708581,0.05,0.11908632078591515,1,0,44.04447463899851
251,-0.40347556017503267,15.328635636530816,1,17,0.01872760048293437,0.05,0.10293801830095403,1,0,44.133280039000965
252,0.5384823368469769,14.08170751174912,1,19,0.00898714149817137,0.05,0.10383998730072849,1,0,44.23173818799842
253,-0.5803840273522758,13.49413631305797,1,19,0.009004273192073198,0.05,0.11645597611602984,1,0,44.32873357800054
254,0.3673834654197108,15.762853776989504,1,17,0.01112393796715927,0.05,0.10887892796274494,1,0,44.41675101299916
255,-0.5811721740425035,13.644624487054534,1,20,0.006871977499624982,0.05,0.10189109444618225,1,0,44.517456323999795
256,-0.32150039498500843,16.036277678213082,1,16,0.01488055793796994,0.05,0.11253059189766645,1,0,44.60286824599825
257,0.46515750471915274,15.06308118677698,1,18,0.009987458325827259,0.05,0.13475099744068253,1,0,44.69675217799886
258,0.7736228401942042,11.189073324191849,1,22,0.0024941158238842576,0.05,0.11545646385374395,1,0,44.8189804600006
259,-0.6999256188091927,12.161721275991294,1,21,0.002068538520705432,0.05,0.1221194231793994,1,0,44.93601196600139
260,0.00038582192440583807,17.666099384706467,1,8,0.007973297065647564,0.05,0.09896818595007062,1,0,44.98663190099978
261,0.33883482917182706,15.995407494035316,1,16,0.004660673243028046,0.05,0.10119231580756605,1,0,45.07067782399827
262,-0.13588919072246775,17.152955505973658,1,12,0.0019361917539768292,0.05,0.12431597352648775,1,0,45.1432579229986
263,0.42232436188385414,15.359836743737834,1,17,0.0013235197614259175,0.05,0.10552456317579045,1,0,45.23609586499879
264,-0.3363866681889885,15.93869300163351,1,16,0.012042559041368972,0.05,0.10959521273616701,1,0,45.3221507140006
265,0.26560820151635567,19.215354376100002,1,19,0.011763417962917577,0.05,0.10570584227772135,1,0,45.41795028100023
266,0.48460111241989234,14.35389419379644,1,19,0.012360927305190894,0.05,0.1094043004865709,1,0,45.51668214899837
267,-0.33986811843782727,15.892276178160682,1,16,0.017013152497592,0.05,0.10150757851079106,1,0,45.60379649999959
268,0.04227060308039454,17.573050571000202,1,8,0.00232175271782524,0.05,0.09140381729230285,1,0,45.65615849599999
269,0.7288320323291051,11.7772234477452,1,22,0.0004376252847674289,0.05,0.12473664415830915,1,0,45.778049000000465
270,-0.22327782991756995,16.675806718505918,1,14,0.014573083078210536,0.05,0.13118220839117253,1,0,45.853980691998004
271,-0.3303983195898848,15.892628429096657,1,17,0.016659416811217465,0.05,0.08967240560142432,1,0,45.9500106029991
272,-0.5178073862379133,14.242937407968565,1,19,0.026940686021694527,0.05,0.10037372075021267,1,0,46.06072662400038
273,0.4242635431687096,15.133804337680338,1,17,0.009200402216224368,0.05,0.12361989794846844,1,0,46.15185967100115
274,0.6423082746314916,12.969140767364296,1,21,0.003186877008239386,0.05,0.1263058524401415,1,0,46.25097082499997
275,-0.311797991543736,16.014596867701037,1,16,0.008203201626362122,0.05,0.09464106278028339,1,0,46.33042220399875
276,-0.5062820693955656,14.125361673347651,1,20,0.015620763188660791,0.05,0.11686348402872682,1,0,46.42249854400143
277,-0.23409342809198908,16.62564577201847,1,15,0.011121167498590406,0.05,0.10685869877537092,1,0,46.49536300199907
278,0.3879806192082613,15.606889219238656,1,17,0.004720653367902616,0.05,0.10758600208689184,1,0,46.5777587320008
279,-0.6444936717841758,12.879711236007278,1,20,0.00043257851611000486,0.05,0.12327221874147654,1,0,46.678599232000124
280,0.46839277587613326,14.899301981972531,1,18,0.007022372860177706,0.05,0.11341847468995386,1,0,46.76527730000089
281,-0.28056608526388194,16.282584291743113,1,15,0.0001782639817208831,0.05,0.1268671115239461,1,0,46.848296887998
282,0.3294641733983239,15.796290101390332,1,16,0.027093580964821562,0.05,0.10799902630969882,1,0,46.931420168999466
283,-0.6266331731525489,13.01267803441733,1,21,0.014505595900118573,0.05,0.10405367595099267,1,0,47.03549935599949
284,0.6912858026519624,12.280140034784562,1,21,0.004576095582973894,0.05,0.11052722847532659,1,0,47.14579252099793
285,-0.05242351016047275,17.572450638981536,1,10,0.0034663082815397164,0.05,0.10398543905466795,1,0,47.212668269999995
286,0.3257345102799625,15.687948917374161,1,17,0.00501570938163165,0.05,0.12434523158213671,1,0,47.29946963000111
287,-0.6056981971227618,13.362006197974551,1,20,0.00416609783279287,0.05,0.10721829868853092,1,0,47.40374980699926
288,0.3201177429433377,16.244579705549405,1,16,0.005861660175356387,0.05,0.11834692943375558,1,0,47.488126401000045
289,0.23541892088274374,16.609755972260608,1,14,0.015831400629363168,0.05,0.11226026461060558,1,0,47.568607810000685
290,-0.09011702492403784,17.44473813851364,1,11,0.0013236556111725084,0.05,0.10855635509572246,1,0,47.63385035700048
291,0.004271648898549252,17.57230569308158,1,8,0.006948062330450958,0.05,0.10185753251425922,1,0,47.68158915700042
292,0.26326975798977736,16.462423090671656,1,14,0.006656128913349213,0.05,0.11959621469889369,1,0,47.763129816998116
293,-0.018416491057941742,17.65980077626882,1,8,0.0007502079756919085,0.05,0.11376246064901352,1,0,47.81014495300042
294,0.47389195880839363,13.706157620507293,1,21,0.009117010015394666,0.05,0.10925076502774443,1,0,47.9331985179997
295,-0.7199102030022202,11.868652599188499,1,21,0.0009896237078748094,0.05,0.13410519835140025,1,0,48.05641656900116
296,0.22657024756433453,16.484363849496003,1,16,0.0036119896404255836,0.05,0.15063493920024484,1,0,48.13508767700114
297,0.6650986866646396,12.615433909016428,1,21,0.007134988177212365,0.05,0.11917039725397315,1,0,48.244751266000094
298,0.5208581623542374,14.280566830599128,1,19,0.00801622863857776,0.05,0.10521393877110984,1,0,48.34210163099851
299,-0.7530622144536343,11.304123362433165,1,22,0.010300265023153732,0.05,0.11780144782228903,1,0,48.45390176000001
300,0.3837368995933732,15.795793765765847,1,17,0.008784875549823767,0.05,0.11431895251221516,1,0,48.54063240400137
301,0.5069521081663886,14.402814321860205,1,19,0.004155919478927794,0.05,0.11373391982756163,1,0,48.625761168998
302,-0.5027993970685938,14.541892542457209,1,18,0.01450418556604327,0.05,0.14500076106439033,1,0,48.71220150500085
303,0.5140429023401196,17.07908353386447,1,23,0.006077984590884156,0.05,0.1213856224456559,1,0,48.83480617600071
304,0.16310118284593111,17.066250849550123,1,13,0.0006034484256305095,0.05,0.11080330982804298,1,0,48.910436995000055
305,0.13323116346199337,17.31005502275657,1,12,0.0006763932483029034,0.05,0.09805295476689935,1,0,48.974818473001505
306,-0.6658763504923102,12.564495387056377,1,21,0.0058053447955113135,0.05,0.10556009739992164,1,0,49.07672205500057
307,-0.7524853857881393,11.407442386511685,1,22,0.01093127292381213,0.05,0.14741872623562813,1,0,49.18945419300144
308,-0.7719312798389215,11.128620345168747,1,21,0.005791524110989932,0.05,0.1653760661858888,1,0,49.29688744499799
309,-0.4654311317410956,14.86869362834841,1,17,0.010356067937367819,0.05,0.12345757883261232,1,0,49.38577131900092
310,-0.7037553976823148,12.05179496135097,1,21,0.0020665753459137015,0.05,0.10649757708112399,1,0,49.49456090199965
311,-0.7221696555779085,10.04538517776673,1,24,0.009674753081358678,0.05,0.13083036205110452,1,0,49.645095447998756
312,-0.5115385501572036,12.703354487381874,1,22,0.012449480329191687,0.05,0.13460293818603863,1,0,49.78242863899868
313,-0.7201171098653865,11.969825616735035,1,21,0.0032748993521305447,0.05,0.12581726021709896,1,0,49.91230334699867
314,-0.6004995139828163,16.817148469213862,1,31,0.000946617879334477,0.05,0.12490777382927556,1,0,50.08528319600009
315,0.24435618708953588,16.61724971649819,1,15,0.0029831436923668797,0.05,0.1515654037396113,1,0,50.17063273199892
316,-0.38593428595961365,15.549577779881655,1,16,0.010776620161002448,0.05,0.11998364282771945,1,0,50.26306828399902
317,0.41783046446106487,15.26806811960996,1,17,0.0015278987157573143,0.05,0.1473268601385986,1,0,50.35489562099974
318,-0.5870102558742227,13.568025899399071,1,19,0.014321715401289348,0.05,0.1389371432167919,1,0,50.47004858299988
319,-0.6578255249785698,12.724933559237979,1,20,0.00810984710659679,0.05,0.11567934285849332,1,0,50.58570672199858
320,0.42064766877804716,15.18749398572836,1,17,0.0012388477410910093,0.05,0.13298626638510647,1,0,50.68502618099956
321,-0.15833613898360177,17.01162171517499,1,12,0.001658961366575562,0.05,0.15831555721039572,1,0,50.75828145199921
322,-0.37038653494044066,20.332018316397445,1,24,0.014267597151944478,0.05,0.13924537505954504,1,0,50.898287355998036
323,-0.5653170345982499,13.038723180815577,1,21,0.010398105699746307,0.05,0.1329456762898536,1,0,51.048589649999485
324,-0.6965923905221244,12.131185555970296,1,20,0.010254679946857803,0.05,0.12173178410157562,1,0,51.164092122999136
325,0.4053587879353009,15.364951721578837,1,17,0.009192003934201942,0.05,0.1521269934361472,1,0,51.26389951500096
326,-0.3933264303912097,15.486400599638,1,17,0.009362705996560361,0.05,0.1368157795685179,1,0,51.359108593998826
327,-0.16077282384104907,17.104368320992215,1,12,0.004512082797107603,0.05,0.13846515025943518,1,0,51.42961522299811
328,0.2977781706997493,16.48976330254227,1,15,0.01096327490438237,0.05,0.1196648212770621,1,0,51.51392572400073
329,-0.28277830576259577,16.398999502928927,1,15,0.0017787933346586904,0.05,0.12746759876608849,1,0,51.59554248099812
330,-0.5554420930633592,13.795237280928994,1,20,0.010732173080120533,0.05,0.13994521694257855,1,0,51.70708445999844
331,-0.13779693173414942,17.401038888748737,1,12,0.0034327169443092997,0.05,0.1039411504752934,1,0,51.79180432499925
332,0.7639353604664687,11.211074388679117,1,22,0.00866770279505602,0.05,0.14205227995460684,1,0,51.9383126549983
333,0.5894199229819503,13.340790987759828,1,20,0.011157023416681233,0.05,0.12259040381759405,1,0,52.09828202599965
334,-0.09973483118157112,17.38829762880632,1,11,0.005792951635875995,0.05,0.1651077135042711,1,0,52.16887590999977
335,0.7181915423320095,11.913608969305642,1,22,0.009027312375720076,0.05,0.13910414761101658,1,0,52.29802124799971
336,0.6069289553488983,13.31864655733807,1,20,0.010171773145455476,0.05,0.12546798875555396,1,0,52.423666349000996
337,-0.6621534116241494,13.137809763569384,1,26,0.011295931928070324,0.05,0.13183979059641177,1,0,52.57380430500052
338,0.1080959154372666,17.286530805716758,1,11,0.000675382409882963,0.05,0.1258312419734218,1,0,52.64624901600109
339,0.3029691395926324,16.46683551300084,1,15,0.010319345646252087,0.05,0.1251926902681589,1,0,52.739945771998464
340,-0.20338255194858323,16.939673942746595,1,13,0.00614857854541162,0.05,0.15877100538748962,1,0,52.82481034000011
341,0.6314517990318711,12.992462206911295,1,20,0.007360313385341488,0.05,0.13731739111244678,1,0,52.95423360000132
342,0.4798986635645255,14.59387097773142,1,18,0.010070645958863922,0.05,0.1486744064734214,1,0,53.07303046300149
343,0.19158431862309,16.907641791063362,1,13,0.0025625574714105426,0.05,0.17822325000396141,1,0,53.16107021800053
344,0.08978112670148308,17.516277928603813,1,10,0.006103226276978693,0.05,0.11499161347746849,1,0,53.238217107998935
345,0.5506689846594393,14.048697212326806,1,19,0.016366583046784733,0.05,0.14735188041078418,1,0,53.397044788998755
346,0.5078410783526583,14.017859882325865,1,21,0.007089364261955722,0.05,0.12878741510212421,1,0,53.573361112001294
347,0.735750222301627,11.546950922487303,1,22,0.010075936387563655,0.05,0.14738102045587517,1,0,53.74681158900057
348,0.24592455756578824,16.506873849686237,1,14,0.010539195970753257,0.05,0.14811459103865282,1,0,53.87435505900066
349,-0.39962377066080923,15.359192221052943,1,17,0.004474626166744156,0.05,0.12938849014394424,1,0,54.01248789699821
350,0.3696203757994321,15.792476475599688,1,17,0.005351158958086355,0.05,0.14786327783675754,1,0,54.15871239199987
351,0.37069751557699115,15.687282842397689,1,16,0.01841270318136251,0.05,0.1654198169708252,1,0,54.287241042999085
352,-0.46012511971596787,14.877512391423807,1,18,0.011076051195665793,0.05,0.13863607640895578,1,0,54.4204233370001
353,-0.10237765770751339,17.32345558888046,1,12,0.007024502289560933,0.05,0.1480824489456912,1,0,54.5030782419999
354,-0.19698917102738722,17.031487274868415,1,13,0.00937791921272288,0.05,0.174083999143197,1,0,54.586510437999095
355,0.16594987719881682,17.000758492422754,1,13,0.0005550128212734318,0.05,0.1309310756623745,1,0,54.67510399800085
356,0.6722524415379161,12.532496358125353,1,21,0.007193918206070071,0.05,0.15467874794488862,1,0,54.82084648000091
357,-0.1870857592231927,17.021898539504036,1,13,0.010146604485227279,0.05,0.13222489663614675,1,0,54.91144520099988
358,0.11214440917382318,17.385694097541272,1,11,0.003998092727539981,0.05,0.1373841850595041,1,0,54.99225980299889
359,0.5810114076290647,13.646903574652969,1,20,0.008711564646688208,0.05,0.12742749601602554,1,0,55.12182192399996
360,0.20261864934793228,16.925330166635103,1,13,0.004805099339851238,0.05,0.12981587705703881,1,0,55.21460170299906
361,-0.5553061598340044,12.562177725927903,1,23,0.011914326375815354,0.05,0.1493868181562942,1,0,55.35409506799988
362,0.45438988763272437,15.09570857193321,1,18,0.00387383365706806,0.05,0.13039378304448393,1,0,55.45909116400071
363,0.3713717229006759,15.852190581709147,1,17,0.010296342438153305,0.05,0.14620092511177063,1,0,55.55264738999904
364,0.6650651058110784,12.539163454645312,1,21,0.0010842757377306222,0.05,0.10727369479302849,1,0,55.665910201998486
365,0.07735074367424022,17.44325676121516,1,10,0.020354771945355052,0.05,0.1133082116022706,1,0,55.72876177999933
366,0.12741662552419286,17.369650048785843,1,11,0.004170727304819155,0.05,0.1301683598959988,1,0,55.799023452000256
367,0.21439871659909548,16.903795671183616,1,13,0.007463182975279786,0.05,0.15215127256054145,1,0,55.89993421499821
368,0.008703712011284948,17.570855684136042,1,8,0.003964920482133543,0.05,0.16022086888551712,1,0,55.9634488820011
369,0.4584592885960499,15.063320173701504,1,18,0.0019679214830602976,0.05,0.1489983151356379,1,0,56.12199892699937
370,-0.04383629116417631,17.527300330746222,1,8,0.0015977142895669053,0.05,0.12694211374036968,1,0,56.18848376000096
371,-0.08521192801553445,17.39183155921055,1,10,0.008721199351407971,0.05,0.14420221876353026,1,0,56.276299359000404
372,-0.7201622246438574,11.866888309735804,1,21,0.0007376020662376304,0.05,0.14385601532246386,1,0,56.50918688999809
373,0.18348276681083464,16.757951345131733,1,16,0.006352878495023889,0.05,0.14572653779760003,1,0,56.644894192999345
374,0.613401918980967,13.2440586815821,1,20,0.0022725769439241317,0.05,0.1558372039347887,1,0,56.80463178100035
375,0.4220243119583549,15.312193233752623,1,17,0.0071998608940274655,0.05,0.1436265910811284,1,0,56.98649450100129
376,0.4926391764841731,14.372324454755288,1,19,0.013283140824451034,0.05,0.11372974730635944,1,0,57.131739730000845
377,-0.7376324449287992,11.671989771630615,1,21,0.0016090473260919058,0.05,0.11379646758238475,1,0,57.289465425001254
378,-0.043028352506480294,17.532634420708384,1,8,0.0007897756318708885,0.05,0.1455960562452674,1,0,57.34987022099813
379,-0.0059246645699359,17.56495279693045,1,8,0.010392687110591211,0.05,0.14586973586119711,1,0,57.41740860400023
380,0.4788819738800243,14.769092195067786,1,18,0.006616380780714137,0.05,0.14420189232461983,1,0,57.54231021599844
381,-0.25529629695678424,16.30619517657906,1,15,0.015374204928083723,0.05,0.13639737019936243,1,0,57.67985251999926
382,0.30135445703090347,16.296153097471688,1,15,0.0006610416906455141,0.05,0.15681040833393733,1,0,57.78833469899837
383,0.7293148919343437,11.745980606798549,1,21,0.007462789206751808,0.05,0.1619712904627834,1,0,57.947496064000006
384,-0.11490017621157356,17.459721390344203,1,11,0.009205977180694117,0.05,0.17135676064274527,1,0,58.028307747001236
385,-0.43270063181538493,14.981962839234619,1,17,0.024398348947079818,0.05,0.14487931669196663,1,0,58.13707764799983
386,-0.4887139772503881,14.099572685177554,1,20,0.010600847105843525,0.05,0.12691936269402504,1,0,58.28613569699883
387,0.4971946774699474,14.482918282132594,1,18,0.0011518819143849779,0.05,0.17392285923577017,1,0,58.40416404899952
388,-0.765003336246906,11.51269546225667,1,22,0.005776905110520647,0.05,0.14988473472608763,1,0,58.53852516999905
389,-0.006507440695616262,17.62205746313557,1,8,0.006489238974286172,0.05,0.16631270153447986,1,0,58.601538468999934
390,-0.763841215114532,10.88001623544842,1,23,0.005328405150970328,0.05,0.14688968512675035,1,0,58.771741213000496
391,0.01574082925221809,17.48904155282944,1,8,0.002707872107904241,0.05,0.15535948425531387,1,0,58.832919445998414
392,-0.7167285933734906,11.729144485923461,1,21,0.0071898407353925275,0.05,0.1622931816216026,1,0,58.99173679500018
393,0.5546039166307823,13.879140816908329,1,19,0.004239469861793355,0.05,0.14728150281466937,1,0,59.1401211759985
394,-0.0950428775896317,17.391545900003983,1,11,0.0010385286983568692,0.05,0.15716501664031635,1,0,59.233516331998544
395,0.241950130887028,16.65632224116707,1,14,0.0005713740253286692,0.05,0.1924930869468621,1,0,59.3404600770009
396,0.40033060552489563,15.417856129910795,1,16,0.023723242752295315,0.05,0.1628384473733604,1,0,59.48077562300023
397,0.27226080466871494,16.430057771829887,1,14,0.007016011861220639,0.05,0.16379202024212905,1,0,59.580176175000815
398,-0.22297144214715403,16.74534236481413,1,14,0.015262840678431672,0.05,0.16453143368874276,1,0,59.690420652001194
399,0.0023587687360679954,20.245483104884624,1,12,0.007477665530052159,0.05,0.18242583703249693,1,0,59.78377887500028
400,-0.6414538442152131,12.306265937024728,1,22,0.00792211126049469,0.05,0.14219193516129797,1,0,59.9339711620014
401,-0.19399200379932924,16.926517835166305,1,13,0.011383866827526595,0.05,0.16731670513176,1,0,60.046701694998774
402,0.5956399304539686,13.32278931265464,1,20,0.011332049528309907,0.05,0.1552190976217389,1,0,60.16667696500008
403,0.7690719641092871,11.243860819656401,1,22,0.006044120500207639,0.05,0.16846119273792615,1,0,60.32937745500021
404,-0.6585043996421137,12.711663532117381,1,20,0.0033810909760915164,0.05,0.1433411605656147,1,0,60.46992573099851
405,0.2050922085133806,16.82584783122875,1,13,0.0031947808338292083,0.05,0.16770806163549423,1,0,60.56477011899915
406,0.7151376724387921,11.863179654604755,1,21,0.004830715585852241,0.05,0.15736789469208037,1,0,60.69314332800059
407,0.05013875317744143,17.468652942380867,1,11,0.004075261714682109,0.05,0.14010416039011694,1,0,60.76719301599951
408,0.4045338426066942,15.583527312939985,1,17,0.004985940788949539,0.05,0.12106689241002588,1,0,60.863738126998214
409,0.7465292662292311,11.600615355087939,1,22,0.004909637317485727,0.05,0.14608830137347634,1,0,61.00287408700024
410,-0.7732344694844644,11.03668639473617,1,22,0.013829936816169508,0.05,0.18086231212047013,1,0,61.120030264999514
411,0.14781227136534336,17.218257718533277,1,12,0.009769843945874351,0.05,0.14425399030248323,1,0,61.21123124799851
412,-0.05758892815939132,17.512359234786707,1,9,0.011874800169300384,0.05,0.20269077519575754,1,0,61.28248946199892
413,0.12708363842290438,17.36833788943477,1,11,0.003620376600091846,0.05,0.17617503553628922,1,0,61.36092860699864
414,-0.5579818890980056,13.738441164745018,1,19,0.008537266480413974,0.05,0.1684143894204968,1,0,61.476530520998494
415,-0.3329434532295752,15.850468303635715,1,16,0.03910477461496337,0.05,0.15185198513790965,1,0,61.570525748000364
416,-0.09305299791661059,17.341313121048735,1,11,0.0015755992254936485,0.05,0.16596065173772248,1,0,61.63677188699876
417,-0.737872230528226,11.704889417439698,1,21,0.008009075116008124,0.05,0.1420646808331921,1,0,61.76513751099992
418,-0.3155036854183214,15.982177864201367,1,16,0.011891097688038033,0.05,0.1645377135137096,1,0,61.852706835998106
419,0.5358402896192194,14.049286834345548,1,19,5.073509367192752e-05,0.05,0.11952183248573228,1,0,61.96156602100018
420,0.21971374689023726,16.86106991826091,1,14,0.0036758304757312787,0.05,0.21071233174630574,1,0,62.043022523997934
421,-0.18563343598511006,16.98703899611719,1,13,0.005086524902762984,0.05,0.17171834867734176,1,0,62.1285450869982
422,-0.5455801446256034,13.944726950826588,1,19,0.016646779646666165,0.05,0.16933253034949303,1,0,62.26989229899846
423,0.08902883385961946,17.41698035094887,1,10,0.0013145567095032007,0.05,0.21231763027608394,1,0,62.34006933599812
424,0.3068464206373682,16.219037005782592,1,15,0.014526048269201064,0.05,0.15642750735084215,1,0,62.43812343099853
425,0.3825949701805289,15.661642918537837,1,16,0.0007240423596345802,0.05,0.18827299517579377,1,0,62.55079924600068
426,0.6540237259023711,12.278526248852721,1,21,0.0038835760914797124,0.05,0.16685350540848004,1,0,62.67401458599852
427,0.6190859679925189,13.174879448633874,1,21,0.005536793229097614,0.05,0.1632181681869995,1,0,62.800925209001434
428,0.33452048387036437,18.687058874662036,1,22,0.004941565634393408,0.05,0.18890347255563195,1,0,62.9336014090004
429,0.2432250942050529,16.570416368357836,1,15,0.0015399016454201997,0.05,0.1729412807772557,1,0,63.035829856999044
430,-0.031595590905034276,17.583216891018672,1,8,0.001362968063672268,0.05,0.16930632526054978,1,0,63.10496931799935
431,0.7658730485933185,11.295043509616516,1,22,0.009243036016176265,0.05,0.18002832875671712,1,0,63.30494032199931
432,0.6092480109145426,13.335681102704257,1,20,0.004048682357383093,0.05,0.1668027251958847,1,0,63.42888055300136
433,-0.4354418389583833,15.039102515728153,1,17,0.00010799957940316185,0.05,0.15115066431462765,1,0,63.52673886499906
434,-0.7506383439228966,10.948816127865575,1,23,0.004929885447219284,0.05,0.18962816246177838,1,0,63.658344080999086
435,-0.535384784322592,14.001545697823166,1,19,0.007059089854208556,0.05,0.17412931824985303,1,0,63.76488525199966
436,-0.6277115350915206,13.025375606771558,1,20,0.0021253138652072012,0.05,0.19526205211877823,1,0,63.88269353600117
437,0.24706470399944336,16.58792740763165,1,14,0.01150060433811212,0.05,0.1282738106591361,1,0,63.96047906300009
438,-0.7596542308202636,11.530686979973689,1,22,0.015782698167685183,0.05,0.15617056512697178,1,0,64.1005677739995
439,-0.2965167468423422,16.229304271098226,1,15,0.01858758293390822,0.05,0.14498778991401196,1,0,64.1943790410005
440,-0.7229098127154407,11.80943433427601,1,21,0.016550912715300292,0.05,0.1691632398537227,1,0,64.31500527900062
441,0.12011861215554409,17.294700287794694,1,11,0.0026403537107828473,0.05,0.17057012597268278,1,0,64.38528184900133
442,-0.49443361218500465,14.46201494988054,1,19,0.008651365328731508,0.05,0.1714768926367948,1,0,64.49545529199895
443,-0.20782876058935573,16.973731327755377,1,13,0.004483844171164542,0.05,0.16495074818913752,1,0,64.57326716799798
444,-0.47729810188693045,14.600344442203639,1,17,0.02803153774249545,0.05,0.1695955691530424,1,0,64.66850573099873
445,-0.7296677773955742,10.981059015152278,1,23,0.0039019158842633628,0.05,0.16092317446094492,1,0,64.79410305900092
446,0.7942673837479848,10.894939434586558,1,22,0.015087212502690295,0.05,0.15027875715697353,1,0,64.91092231899893
447,0.24954678444106437,16.715854219675567,1,14,0.010026728257005513,0.05,0.12291944399476051,1,0,64.99511594700016
448,0.2663829096094903,16.58556911710184,1,14,0.005633822949243583,0.05,0.15258921456656285,1,0,65.08874926700082
449,-0.22437950278547347,16.846541077666917,1,14,0.011571186043675324,0.05,0.16882821092648165,1,0,65.18353834499794
450,0.4676499649812744,14.842861981625902,1,18,0.012274950416756303,0.05,0.19356893934309483,1,0,65.29327873800139
451,0.004483144282571239,17.536402212129907,1,8,0.00183868078643472,0.05,0.18322713812813163,1,0,65.3504634810015
452,-0.7791396398429952,11.02351536024362,1,22,0.002606176509180047,0.05,0.1770679533735595,1,0,65.47472600200126
453,0.6426617149119274,12.817541812825947,1,21,0.0010197590564472447,0.05,0.22268249910502208,1,0,65.62342115999854
454,-0.5404123468860332,14.271644392097368,1,19,0.008852058705278942,0.05,0.16847508028149605,1,0,65.73417159000019
455,-0.2857567383756692,19.80202742414549,1,22,0.01798566134343743,0.05,0.1400732850147919,1,0,65.87512718500147
456,-0.479436870732852,14.723776647238992,1,18,0.014796220500971347,0.05,0.2146864521006743,1,0,65.99863337100032
457,0.6805079052892213,12.521898153144866,1,21,0.008911404607200635,0.05,0.17665826724398703,1,0,66.1692631750011
458,-0.30588726840614433,17.79190860129893,1,20,0.01128685926312778,0.05,0.1776261230930686,1,0,66.29751801699967
459,0.19942507728586345,16.919388853287092,1,14,0.004264491207114751,0.05,0.12282946253461498,1,0,66.40075631299987
460,0.06433316809261547,17.49850565106608,1,10,0.022114004090229886,0.05,0.2238093465566635,1,0,66.53123717700146
461,0.0651577870836606,17.458742399327456,1,10,0.014351113652099137,0.05,0.18544353283941745,1,0,66.60416083699965
462,-0.48277135572758034,14.5925721216714,1,18,0.001280584992014333,0.05,0.18283963565611178,1,0,66.7177657459979
463,0.05738265325210856,17.594101379686617,1,9,0.0021766366051834615,0.05,0.195722336984343,1,0,66.7816007270012
464,0.2607145603625156,16.68635116746882,1,15,0.0068055963061347535,0.05,0.184545357649525,1,0,66.87426700200012
465,0.7060023493179612,12.05298398300074,1,21,0.019564108511959222,0.05,0.1455256005837804,1,0,67.00575783800014
466,-0.4006397768649496,15.39120348303113,1,17,0.00448491022242159,0.05,0.15725093827966383,1,0,67.121036231998
467,-0.5759478170022123,13.769929543090985,1,19,0.011056267026391176,0.05,0.21276574405400375,1,0,67.24168035500043
468,-0.4970415189568746,14.469823198951781,1,18,0.007341502413761636,0.05,0.1894635007613235,1,0,67.34715771899937
469,-0.7312741141015953,10.757510274439118,1,23,0.010449297355824227,0.05,0.1863924338603797,1,0,67.48892685900137
470,0.723415913188378,11.88638732326217,1,21,0.005923820084901998,0.05,0.16127847418898628,1,0,67.6164745189999
471,0.3370195150729294,16.149766073655336,1,16,0.01179150764916681,0.05,0.1924391787033528,1,0,67.7154207120002
472,0.0321187784550071,17.527019624039532,1,8,0.005692271459087218,0.05,0.11533099063672125,1,0,67.78284501300004
473,-0.5311015934277613,14.174217202933505,1,19,0.02140738980855028,0.05,0.1877566918142532,1,0,67.9021501319985
474,0.6773006649419926,11.84333705616882,1,22,0.0008574187083059126,0.05,0.19291549836370078,1,0,68.03134088300067
475,0.09727484560987809,17.606138426753752,1,11,0.0039058513540204953,0.05,0.19400783628225327,1,0,68.10339951800051
476,0.2418612826635751,16.885414750524795,1,14,0.001025046943082586,0.05,0.16314915886947087,1,0,68.19919550000122
477,-0.2602984625456747,16.465623328962828,1,15,0.011626291203358619,0.05,0.23431197305520376,1,0,68.27954182699978
478,0.15917100279739294,17.215769685062696,1,12,0.00020456975843641256,0.05,0.17646229888002077,1,0,68.35018816400043
479,-0.6373985588211485,12.95734929461032,1,20,0.009912184219434073,0.05,0.17942826747894286,1,0,68.47008018899942
480,-0.05872383180927376,17.58109190383693,1,9,0.004685328156036561,0.05,0.20128386384911007,1,0,68.52920016400094
481,-0.30349352713938543,16.162089856900273,1,15,0.012393425136906167,0.05,0.159389703348279,1,0,68.626326040001
482,-0.05733952759552241,17.416299920435996,1,9,0.010022357461669892,0.05,0.16454826460944283,1,0,68.69139689900112
483,-0.3462613626366402,15.898096912540495,1,16,0.012644254568644597,0.05,0.16255894303321838,1,0,68.79937797499952
484,-0.5558933625335778,13.40662060426548,1,20,0.01794193446141845,0.05,0.20580872520804405,1,0,68.93592229099886
485,-0.5017518785253219,14.983658218302299,1,24,0.008740692353132351,0.05,0.17541629914194345,1,0,69.09335651899892
486,-0.6024729552029,13.152415260113775,1,20,0.014236295385321784,0.05,0.19941831510514021,1,0,69.22437472100137
487,-0.15820358187171946,17.108751374459825,1,13,0.013539878728007076,0.05,0.1561847896530078,1,0,69.31086706899805
488,0.5395671519175396,14.179068782157266,1,19,0.00460192351473554,0.05,0.20667887086931028,1,0,69.43792842599942
489,0.4350456432763228,15.008513477025552,1,17,0.011891096406695889,0.05,0.20244500829893,1,0,69.54920657799812
490,0.7935819465070728,10.204386327363318,1,23,0.009560969814476183,0.05,0.15975613082232681,1,0,69.6988145059986
491,-0.588953522385671,13.454074823972768,1,20,0.010813335699105808,0.05,0.1904181644320488,1,0,69.82822073699936
492,-0.052894837323639754,17.625176727073267,1,9,0.004406504115819873,0.05,0.2269219197332859,1,0,69.90265972099951
493,0.47565431900970156,14.669990449375472,1,18,0.01098456304681128,0.05,0.19122575306230122,1,0,70.0328235929992
494,0.5540498875567081,12.539650211459957,1,22,0.008176453390604799,0.05,0.16338425256650557,1,0,70.25235932600117
495,0.40985107556419265,15.314983522496185,1,17,0.009422673840673468,0.05,0.15619121250860832,1,0,70.37117223699897
496,-0.7635883126453997,11.268896645260975,1,22,0.0053652162097990175,0.05,0.19652158936316316,1,0,70.55932912799835
497,-0.6346829602308498,18.03702753970283,1,30,0.011216076239344175,0.05,0.19602728672325612,1,0,70.7360463590012
498,-0.35152043251405196,15.77938963540364,1,16,0.0025088804011305643,0.05,0.19653745566029102,1,0,70.83858073200099
499,-0.208713254347351,16.77758440093603,1,14,0.0021837424139063977,0.05,0.15822600360427583,1,0,70.93342789799863
500,0.10177536943625809,17.631048673711483,1,11,0.0003179422506538604,0.05,0.2043739760463888,1,0,71.01551527099946
